<?xml version="1.0" encoding="UTF-8"?>
<!DOCTYPE struts PUBLIC
	"-//Apache Software Foundation//DTD Struts Configuration 2.3//EN"
	"http://struts.apache.org/dtds/struts-2.3.dtd">
	<struts>
	<package name="default" extends="struts-default">
	<action name="dashboard" class="com.devlopnation.actions.LoginAC" method="doLogin">
		<result name="success">/dashboard.jsp</result>
		<result name="error">/login.jsp</result>
	</action>
	
	<action name="app" class="com.devlopnation.actions.DashboardAC">
		<result name="success">/dashboard.jsp</result>
	</action>
	
	</package>
	
	
	
	
	
	</struts>